INSERT INTO worker
(ID, name, birthday, level, salary)
VALUES
    ('1','Іванов Іван Іванович', '1981-05-21', 'Trainee', '1000'),
    ('2','Петров Петро Петрович', '1991-04-21', 'Trainee', '2000'),
    ('3','Гулька Олена Василіївна', '1994-12-11', 'Junior', '3000'),
    ('4','Янович Євгеній Валерійович', '1990-11-01', 'Middle', '4000'),
    ('5','Василенко Василій Васильович', '1989-11-01', 'Senior', '5000'),
    ('6','По Едгар', '1978-09-05', 'Trainee', '1500'),
    ('7','Кінг Стівен', '1988-04-15', 'Junior', '2500'),
    ('8','Шевченко Тарас Григорійович', '2000-05-17', 'Middle', '3500'),
    ('9','Франко Іван', '2001-06-19', 'Senior', '4500'),
    ('10','Українка Леся', '1991-03-30', 'Senior', '5000');


INSERT INTO client
(ID, name)
VALUES
    ('1','Клієнт1 Карпенко Карий'),
    ('2','Клієнт2 Каленко Ліза'),
    ('3','Клієнт3 Беренко Олена'),
    ('4','Клієнт4 Швец Валентин'),
    ('5','Клієнт5 Ярий Кирил');


INSERT INTO project
(ID, CLIENT_ID, START_DATE, FINISH_DATE)
VALUES
    ('1','3', '2021-12-01','2023-06-01'),
    ('2','2', '2020-09-01','2024-05-01'),
    ('3','1', '2019-11-01','2025-05-01'),
    ('4','5', '2020-10-01','2025-08-01'),
    ('5','4', '2021-01-01','2023-06-01'),
    ('6','4', '2021-02-01','2029-04-28'),
    ('7','4', '2019-12-01','2028-05-01'),
    ('8','5', '2021-12-01','2025-07-30'),
    ('9','1', '2022-12-01','2024-08-10'),
    ('10','2', '2023-01-01','2026-06-30');


INSERT INTO project_worker
(PROJECT_ID, WORKER_ID)
VALUES
    ('1','3'),
    ('2','2'),
    ('3','1'),
    ('3','3'),
    ('3','4'),
    ('3','10'),
    ('4','5'),
    ('5','7'),
    ('6','8'),
    ('7','6'),
    ('8','5'),
    ('9','1'),
    ('10','2');